arm,transaction_cost,n_days,total_return,annual_return,annual_volatility,sharpe,sortino,max_drawdown,calmar
ablation_annual,0.0,3271,4.551411923642965,0.14116733978346718,0.17869935155744418,0.8286858984899255,1.0649106327490172,-0.29614756495213823,0.4766790495349232
ablation_annual,0.005,3271,4.0081287621074635,0.13214867206336023,0.17840878271141034,0.785249792571085,1.0093748893407628,-0.2960746437986356,0.44633566173683
ablation_annual,0.01,3271,3.5199434827045595,0.12323823724405214,0.17842055686216146,0.7409085670868912,0.9506264451144021,-0.2960016526577909,0.41634307152510575
ablation_annual,0.015,3271,3.0810175536077944,0.11443310774854121,0.17872448856686554,0.6959135028776812,0.8883062710487813,-0.29592858117874143,0.3866916378699609
ablation_no_pso,0.0,3503,7.110589346125169,0.162507384355572,0.1737737296194734,0.9540525025319844,1.1836010520403297,-0.3110556699833431,0.5224382643925899
ablation_no_pso,0.005,3503,3.342675874261399,0.11142256238544657,0.17448287047638328,0.693207812766172,0.864089332099464,-0.31473285541894425,0.354022659112379
ablation_no_pso,0.01,3503,1.3314030427506358,0.06278589522037725,0.1761627234867686,0.43419284487413357,0.5422045544836329,-0.34632378656997675,0.18129247154004247
ablation_no_pso,0.015,3503,0.2536146625561271,0.01639322056886794,0.17876689535138365,0.18077595061931673,0.22455860798337468,-0.39667556230027334,0.04132652002509468
equal_weight,0.0,3503,6.76486535669237,0.1588700952118074,0.18299619478791973,0.8977756825494896,1.1373625619416385,-0.30131634804706464,0.5272534870460875
equal_weight,0.005,3503,4.283206136898463,0.12720796562917647,0.1832822189281101,0.7454434243528715,0.9467722952624464,-0.30253003478716833,0.42048045153159097
equal_weight,0.01,3503,2.5961340579525314,0.09644262126929526,0.18393335363834012,0.5929485567278233,0.7546881498354953,-0.30803541503557696,0.31308939349768106
equal_weight,0.015,3503,1.4474706712986287,0.066506952290879,0.18494209626467573,0.44100480750823867,0.5618209381820854,-0.3379064756893966,0.19682059112715006
min_variance,0.0,3503,3.5682291770142616,0.11547840391882147,0.1396596473484785,0.8525335214869127,1.107651539263847,-0.2821995359932741,0.4092083408725866
min_variance,0.005,3503,2.4496032592013046,0.09316626047776011,0.14008589621379958,0.7060845148559682,0.9162325900665477,-0.2844180222012195,0.3275680625183697
min_variance,0.01,3503,1.6101710129959868,0.07145632494334264,0.14084666442425794,0.5605777990671226,0.7251783052305464,-0.2866279003930705,0.2492999629322553
min_variance,0.015,3503,0.9777161439984556,0.05028108254904695,0.14192755177223665,0.41673143109049704,0.5360101671912622,-0.30205063048569536,0.166465742740531
moments_hmm,0.0,3503,8.310137357350204,0.17410000835968753,0.1875269844927068,0.9502478853809234,1.2013333854298724,-0.31868010401890123,0.5463159016333241
moments_hmm,0.005,3503,5.893904197076392,0.1489940946115007,0.18782718023459585,0.8338871862811467,1.0576362858044204,-0.32192041064080734,0.46282897786728244
moments_hmm,0.01,3503,4.10976173566339,0.12450441731584783,0.1884258358680594,0.7174478524239452,0.9107423901858624,-0.32513172224475106,0.38293531143701814
moments_hmm,0.015,3503,2.7902481430632613,0.10059716266268914,0.18931744027641575,0.601415358568987,0.7624500363141697,-0.32832491053403623,0.30639515746479007
moments_hmm_policy,0.0,3503,7.921124583844122,0.17050051005081124,0.1905506233883075,0.9221268958166481,1.1601841338242784,-0.3004945242941466,0.5673997236765371
moments_hmm_policy,0.005,3503,6.132049470371761,0.15180463688092538,0.1908207182073448,0.8366668486348758,1.0535993252397806,-0.3014893786495453,0.5035157044699238
moments_hmm_policy,0.01,3503,4.707515196287964,0.13348961606619802,0.19131786453319044,0.7511724694808519,0.9465069123271834,-0.3024745731486823,0.44132508288748223
moments_hmm_policy,0.015,3503,3.5686669305608474,0.11548609317002856,0.192033368622282,0.6656889646731331,0.8382205963366403,-0.3161872566217425,0.3652458812031933
moments_longwindow,0.0,3503,8.093585531944301,0.1721138946370746,0.18973531609733765,0.9324943103512251,1.1675311609090377,-0.3139577025691729,0.5482072687774033
moments_longwindow,0.005,3503,6.096865002017601,0.1513949311124545,0.18995089362770318,0.8377072795288605,1.051909775643717,-0.3161519142706306,0.47886767177015493
moments_longwindow,0.01,3503,4.543855460570912,0.13111976751305088,0.19036919324546764,0.7429159537554566,0.9345792509906575,-0.3213411349215236,0.4080391623222228
moments_longwindow,0.015,3503,3.333443914318001,0.11125242298413429,0.1909846016768619,0.6483182310744454,0.8157637015802937,-0.3364743284502396,0.3306416376445407
moments_oracle,0.0,3503,8.661494648146439,0.17723306493925728,0.1873449548765242,0.9652491655199896,1.2147812681570354,-0.31652634214626096,0.5599314854413007
moments_oracle,0.005,3503,6.0853743700731355,0.15126071996255508,0.18756148204477374,0.8453408845527234,1.0665120781864517,-0.31848423371168955,0.47493942855420934
moments_oracle,0.01,3503,4.2029500917207585,0.12596738423894238,0.18808421914855342,0.7253475071019415,0.9169260437158954,-0.32042849142690366,0.39312167179015706
moments_oracle,0.015,3503,2.8230549350442575,0.10127973197326967,0.18890580829034184,0.6056157174519098,0.7655086639344937,-0.3223536689402089,0.31418824022150443
moments_shuffled,0.0,3503,8.683562079897662,0.17742629311921632,0.18815453950278518,0.9627669982904377,1.2090014133215476,-0.3143512932543848,0.5644204332114401
moments_shuffled,0.005,3503,6.281872966483069,0.15352851837168768,0.1883640594714118,0.8529833529289575,1.0740573243384155,-0.31631730924155566,0.48536236837562896
moments_shuffled,0.01,3503,4.481843314007061,0.130204815104634,0.1888264595636259,0.7431293180478389,0.9373645178699623,-0.31828493849558204,0.4090825526337034
moments_shuffled,0.015,3503,3.1305182733411403,0.10742505171717465,0.18953450421164084,0.633594355308615,0.7992012188704978,-0.3284101568830381,0.32710636216843203
pinned_calm,0.0,3503,9.521346360011131,0.18447558291371968,0.19598807376014546,0.9625451158768936,1.2180867450957567,-0.3199673784237207,0.5765449709983423
pinned_calm,0.005,3503,5.382410229438955,0.14263957847081787,0.1963930641214273,0.777764779564382,0.9876465682917712,-0.3222737480768654,0.44260377806757306
pinned_calm,0.01,3503,2.8780457069831065,0.10241175577427208,0.1973854098215925,0.5931962712111739,0.7551728092703267,-0.35854979461058034,0.28562770726309056
pinned_calm,0.015,3503,1.358200330636767,0.06366002149772365,0.19894912224359818,0.4101883319904438,0.5218835112890903,-0.3941253038492267,0.1615222896778962
pinned_crisis,0.0,3503,6.586380251214624,0.1569330494882153,0.16750107684688556,0.9546233365485357,1.194489384756192,-0.30428055617528216,0.5157511589331174
pinned_crisis,0.005,3503,2.6913018251780665,0.09850479010290591,0.1684235131224709,0.6424864414255955,0.8084067943743684,-0.30913751152192936,0.3186439252161679
pinned_crisis,0.01,3503,0.8014956707410636,0.04325344939487197,0.1706382427516207,0.3338613757610002,0.4202691611731055,-0.36287697512088235,0.11919590483927311
pinned_crisis,0.015,3503,-0.11909600373557794,-0.009080776736282603,0.17406757129502165,0.03503870539770461,0.04365036494456065,-0.4488056681797197,-0.02023320421311234
regime_gmm,0.0,3503,7.7839426735341934,0.16919635896037555,0.1902542579692497,0.9174451998762302,1.1495738038594954,-0.3209309849443641,0.5272048100612879
regime_gmm,0.005,3503,4.120687987131064,0.12467722440865758,0.19061926282163716,0.7122953098250728,0.8960586994242136,-0.32337192932073844,0.38555363995430697
regime_gmm,0.01,3503,1.9908439264331093,0.08200137311025757,0.19169604021359643,0.5075053697558369,0.6402192599200979,-0.35962653798986677,0.22801813672762974
regime_gmm,0.015,3503,0.7491860711277383,0.04104432039765715,0.19345931178639547,0.30514732823046586,0.3844605965756543,-0.3972174293667049,0.1033296058108409
regime_hmm,0.0,3503,7.968979751590613,0.17095108037721274,0.19256067978077068,0.9165401986085939,1.153056357540747,-0.32028002971791736,0.5337550409489339
regime_hmm,0.005,3503,4.297586470131949,0.12742840437222602,0.1929423095127989,0.7186964649651693,0.9072307799309594,-0.3227172631999242,0.39486082370896836
regime_hmm,0.01,3503,2.1369221547653963,0.08571954058795361,0.19399682098734658,0.5214630494143575,0.659802420261428,-0.3580817816661992,0.23938537221606165
regime_hmm,0.015,3503,0.8595986111507936,0.045638512406487086,0.19569804009650907,0.32638892844661793,0.4125252801694844,-0.39316878425392743,0.11607867723550384
regime_hmm_calibrated,0.0,3503,7.98974602506371,0.17114590709832012,0.20372763275056038,0.8779935166528363,1.1149396119786208,-0.3125830517295519,0.5475213903996184
regime_hmm_calibrated,0.005,3503,4.585115417823257,0.13172328600823469,0.20402744881091145,0.709092390228179,0.9028597526058539,-0.32870924306475613,0.400728877533526
regime_hmm_calibrated,0.01,3503,2.475267591620483,0.09374931973342981,0.20488548514933472,0.5403418604649454,0.6889223877869596,-0.36054999272734234,0.260017533280955
regime_hmm_calibrated,0.015,3503,1.1639620290606523,0.05710299144082076,0.20628018778416446,0.37284448475576465,0.47509028751072263,-0.390919039234797,0.14607370250524712
regime_oracle,0.0,3503,8.075864234901593,0.17194942580467876,0.1888993555448401,0.935132577745286,1.1682096668573478,-0.3208101969483381,0.5359849139470113
regime_oracle,0.005,3503,4.273878973530189,0.12706468993551456,0.18926880722933181,0.7272392458271042,0.9124751665894264,-0.3232153831704051,0.3931269876116129
regime_oracle,0.01,3503,2.0710438704318705,0.0840630621247036,0.19037555539368817,0.5197101912688753,0.6540780475390178,-0.3507979101506631,0.23963387378391057
regime_oracle,0.015,3503,0.7908805147701679,0.042810010536105114,0.19219407823649984,0.31471276602983805,0.3955091201594935,-0.3875055497297287,0.11047586432236536
regime_shuffled,0.0,3503,8.79572797442354,0.17840217340265263,0.18698633270212495,0.9721100298556655,1.223379898329402,-0.3130759364639336,0.56983674765181
regime_shuffled,0.005,3503,4.638504769491771,0.13249811210230877,0.18744610030332015,0.7580973718175555,0.958010760895925,-0.3162677720646879,0.41894281936260086
regime_shuffled,0.01,3503,2.2535492895107376,0.08857445670210407,0.18863289768202027,0.5447331511269494,0.6903631832940617,-0.35866131468031204,0.2469584900201844
regime_shuffled,0.015,3503,0.8794453893503043,0.04643737361886102,0.19051637652306516,0.33397834095209916,0.42267390858304005,-0.3983412916886443,0.1165768515285076
regime_volq,0.0,3503,8.056528220323019,0.17176963065443096,0.1911777419019179,0.9254393605180017,1.1639595490944785,-0.3191755001268216,0.5381667157603882
regime_volq,0.005,3503,4.34575634422388,0.12816278498519318,0.19163231655775148,0.725692627148018,0.9170021771318596,-0.32159119658782764,0.39852703166329206
regime_volq,0.01,3503,2.1617068815643634,0.08633439365468454,0.19276908911844973,0.5264876312009397,0.6668900714147803,-0.35173600385710224,0.24545225028984838
regime_volq,0.015,3503,0.8717993271255815,0.04613053996283267,0.19456102246825627,0.3295713281039619,0.41697521111649594,-0.38902253872598147,0.11858063574904067
static,0.0,3503,8.597567327068028,0.17667097977832436,0.18347709221396366,0.9791317934562558,1.2302903260773665,-0.31536103309881724,0.5602181665956337
static,0.005,3503,3.997001976922543,0.12270072242143404,0.18414183660746278,0.7211505893831207,0.9106027060111257,-0.3199703881414093,0.3834752432378432
static,0.01,3503,1.6098713654601093,0.07144747582993483,0.18579315927034998,0.46481240960322806,0.5883159425037078,-0.370160311741355,0.1930176563063246
static,0.015,3503,0.3662183581305909,0.02270196887553877,0.18837875673761867,0.2138157246131522,0.2695194993274401,-0.4216375149480145,0.053842383731764934
static_matched_moments_hmm,0.0,3503,8.682436327628917,0.17741644563592995,0.18415558175657656,0.9796157041508965,1.2315225753667185,-0.31150972031457247,0.5695374303465367
static_matched_moments_hmm,0.005,3503,6.29201434615038,0.1536440131050094,0.1843669873086913,0.8680065040407677,1.0940653537533649,-0.31464920301052457,0.48830256563488017
static_matched_moments_hmm,0.01,3503,4.495763366859576,0.13041103027929912,0.18486365364927157,0.7560666930164553,0.9543889460130234,-0.3177585468694505,0.4104091976883248
static_matched_moments_hmm,0.015,3503,3.1434300967592668,0.10767372471094272,0.1856365762145616,0.6441930567528283,0.812724579319173,-0.33044189130427926,0.32584768319157825
static_matched_regime_hmm,0.0,3503,8.970917168690683,0.17990582281659018,0.18475005666958025,0.9885391942833579,1.2380917175640689,-0.32041549725600904,0.5614766587673725
static_matched_regime_hmm,0.005,3503,4.9788818243943025,0.13728353133066906,0.18522648137659278,0.7877295852795799,0.990984276384567,-0.3236320819696129,0.42419629875742404
static_matched_regime_hmm,0.01,3503,2.5910540519104868,0.09633112521068443,0.18636311361076718,0.5871998101251756,0.7404849504056605,-0.35416183608702323,0.2719974751514851
static_matched_regime_hmm,0.015,3503,1.158899550341971,0.05692489173859916,0.18813632439102745,0.3888258266972031,0.48963005199583576,-0.39279584408310153,0.1449223371277724
